source_host,component,basename,path,sha256
122174,runner,devbox_runner.py,swarm/devbox_runner.py,20568d60d388b5854aaf4eb398145d8cb78be4425e3c4d9d4ff54ccf24617003
122175,runner,devbox_runner.py,swarm/devbox_runner.py,20568d60d388b5854aaf4eb398145d8cb78be4425e3c4d9d4ff54ccf24617003
122447,runner,devbox_runner.py,swarm/devbox_runner.py,20568d60d388b5854aaf4eb398145d8cb78be4425e3c4d9d4ff54ccf24617003
122448,runner,devbox_runner.py,swarm/devbox_runner.py,20568d60d388b5854aaf4eb398145d8cb78be4425e3c4d9d4ff54ccf24617003
122456,runner,devbox_runner.py,swarm/devbox_runner.py,20568d60d388b5854aaf4eb398145d8cb78be4425e3c4d9d4ff54ccf24617003
122174,launcher,devbox_launch_agents.py,swarm/devbox_launch_agents.py,ef7912504ad85e83691138a420a1e5f936d5d5854f6e56c5a25331a81a1b8fa0
122175,launcher,devbox_launch_agents.py,swarm/devbox_launch_agents.py,ef7912504ad85e83691138a420a1e5f936d5d5854f6e56c5a25331a81a1b8fa0
122447,launcher,devbox_launch_agents.py,swarm/devbox_launch_agents.py,ef7912504ad85e83691138a420a1e5f936d5d5854f6e56c5a25331a81a1b8fa0
122448,launcher,devbox_launch_agents.py,swarm/devbox_launch_agents.py,ef7912504ad85e83691138a420a1e5f936d5d5854f6e56c5a25331a81a1b8fa0
122456,launcher,devbox_launch_agents.py,swarm/devbox_launch_agents.py,ef7912504ad85e83691138a420a1e5f936d5d5854f6e56c5a25331a81a1b8fa0
122174,launcher,devbox_launch_wave2.py,swarm/devbox_launch_wave2.py,6941281c4a990ad6cc017253a680eed1d87f34c84d97c8d99f9d619a6312b97a
122175,launcher,devbox_launch_wave2.py,swarm/devbox_launch_wave2.py,6941281c4a990ad6cc017253a680eed1d87f34c84d97c8d99f9d619a6312b97a
122447,launcher,devbox_launch_wave2.py,swarm/devbox_launch_wave2.py,6941281c4a990ad6cc017253a680eed1d87f34c84d97c8d99f9d619a6312b97a
122448,launcher,devbox_launch_wave2.py,swarm/devbox_launch_wave2.py,6941281c4a990ad6cc017253a680eed1d87f34c84d97c8d99f9d619a6312b97a
122456,launcher,devbox_launch_wave2.py,swarm/devbox_launch_wave2.py,6941281c4a990ad6cc017253a680eed1d87f34c84d97c8d99f9d619a6312b97a
