cycle_local_raw,cycle_utc,agent,logged_distinct_citers,strict_2h_raw_roster_distinct,strict_2h_owner_confirmed_distinct,logged_protection_survives_raw_2h,logged_protection_survives_clean_2h
2026-08-02T10:44:09Z,2026-08-02T10:44:09Z,agent-001,5,1,1,False,False
2026-08-02T10:44:09Z,2026-08-02T10:44:09Z,agent-002,4,0,0,False,False
2026-08-02T10:44:09Z,2026-08-02T10:44:09Z,agent-006,3,1,1,False,False
2026-08-02T10:44:09Z,2026-08-02T10:44:09Z,agent-015,3,1,1,False,False
2026-08-02T10:44:09Z,2026-08-02T10:44:09Z,agent-016,3,3,2,True,False
2026-08-02T10:44:09Z,2026-08-02T10:44:09Z,agent-017,3,1,0,False,False
2026-08-02T10:44:09Z,2026-08-02T10:44:09Z,agent-018,4,2,1,False,False
2026-08-02T10:44:09Z,2026-08-02T10:44:09Z,agent-020,3,2,2,False,False
2026-08-02T10:44:09Z,2026-08-02T10:44:09Z,agent-021,5,3,2,True,False
2026-08-02T10:44:09Z,2026-08-02T10:44:09Z,agent-024,3,2,2,False,False
2026-08-02T10:44:09Z,2026-08-02T10:44:09Z,agent-026,4,1,1,False,False
2026-08-02T10:44:09Z,2026-08-02T10:44:09Z,agent-028,3,1,1,False,False
2026-08-02T10:44:09Z,2026-08-02T10:44:09Z,agent-029,4,1,1,False,False
2026-08-02T11:14:10Z,2026-08-02T11:14:10Z,agent-001,5,1,1,False,False
2026-08-02T11:14:10Z,2026-08-02T11:14:10Z,agent-002,4,0,0,False,False
2026-08-02T11:14:10Z,2026-08-02T11:14:10Z,agent-006,3,1,1,False,False
2026-08-02T11:14:10Z,2026-08-02T11:14:10Z,agent-015,4,2,1,False,False
2026-08-02T11:14:10Z,2026-08-02T11:14:10Z,agent-016,3,3,2,True,False
2026-08-02T11:14:10Z,2026-08-02T11:14:10Z,agent-017,3,1,0,False,False
2026-08-02T11:14:10Z,2026-08-02T11:14:10Z,agent-018,4,2,1,False,False
2026-08-02T11:14:10Z,2026-08-02T11:14:10Z,agent-020,4,2,2,False,False
2026-08-02T11:14:10Z,2026-08-02T11:14:10Z,agent-021,5,3,2,True,False
2026-08-02T11:14:10Z,2026-08-02T11:14:10Z,agent-026,4,1,1,False,False
2026-08-02T11:14:10Z,2026-08-02T11:14:10Z,agent-028,3,0,0,False,False
2026-08-02T11:14:10Z,2026-08-02T11:14:10Z,agent-029,4,1,1,False,False
2026-08-02T11:44:14Z,2026-08-02T11:44:14Z,agent-001,5,1,1,False,False
2026-08-02T11:44:14Z,2026-08-02T11:44:14Z,agent-002,5,1,0,False,False
2026-08-02T11:44:14Z,2026-08-02T11:44:14Z,agent-006,3,0,0,False,False
2026-08-02T11:44:14Z,2026-08-02T11:44:14Z,agent-013,3,3,1,True,False
2026-08-02T11:44:14Z,2026-08-02T11:44:14Z,agent-014,3,1,0,False,False
2026-08-02T11:44:14Z,2026-08-02T11:44:14Z,agent-015,5,3,1,True,False
2026-08-02T11:44:14Z,2026-08-02T11:44:14Z,agent-016,5,5,3,True,True
2026-08-02T11:44:14Z,2026-08-02T11:44:14Z,agent-017,4,2,0,False,False
2026-08-02T11:44:14Z,2026-08-02T11:44:14Z,agent-018,5,3,1,True,False
2026-08-02T11:44:14Z,2026-08-02T11:44:14Z,agent-020,5,3,2,True,False
2026-08-02T11:44:14Z,2026-08-02T11:44:14Z,agent-021,7,4,2,True,False
2026-08-02T11:44:14Z,2026-08-02T11:44:14Z,agent-022,3,2,0,False,False
2026-08-02T11:44:14Z,2026-08-02T11:44:14Z,agent-023,5,3,1,True,False
2026-08-02T11:44:14Z,2026-08-02T11:44:14Z,agent-025,4,3,1,True,False
2026-08-02T11:44:14Z,2026-08-02T11:44:14Z,agent-026,6,3,1,True,False
2026-08-02T11:44:14Z,2026-08-02T11:44:14Z,agent-028,3,0,0,False,False
2026-08-02T11:44:14Z,2026-08-02T11:44:14Z,agent-029,6,3,2,True,False
2026-08-02T12:14:15Z,2026-08-02T12:14:15Z,agent-001,5,1,1,False,False
2026-08-02T12:14:15Z,2026-08-02T12:14:15Z,agent-002,5,1,0,False,False
2026-08-02T12:14:15Z,2026-08-02T12:14:15Z,agent-006,4,1,1,False,False
2026-08-02T12:14:15Z,2026-08-02T12:14:15Z,agent-014,3,1,0,False,False
2026-08-02T12:14:15Z,2026-08-02T12:14:15Z,agent-015,5,2,0,False,False
2026-08-02T12:14:15Z,2026-08-02T12:14:15Z,agent-016,4,3,2,True,False
2026-08-02T12:14:15Z,2026-08-02T12:14:15Z,agent-017,4,1,0,False,False
2026-08-02T12:14:15Z,2026-08-02T12:14:15Z,agent-018,5,2,1,False,False
2026-08-02T12:14:15Z,2026-08-02T12:14:15Z,agent-020,5,3,2,True,False
2026-08-02T12:14:15Z,2026-08-02T12:14:15Z,agent-021,6,2,1,False,False
2026-08-02T12:14:15Z,2026-08-02T12:14:15Z,agent-022,3,2,0,False,False
2026-08-02T12:14:15Z,2026-08-02T12:14:15Z,agent-023,5,3,1,True,False
2026-08-02T12:14:15Z,2026-08-02T12:14:15Z,agent-025,4,3,1,True,False
2026-08-02T12:14:15Z,2026-08-02T12:14:15Z,agent-026,6,2,0,False,False
2026-08-02T12:14:15Z,2026-08-02T12:14:15Z,agent-028,3,0,0,False,False
2026-08-02T12:14:15Z,2026-08-02T12:14:15Z,agent-029,6,3,2,True,False
2026-08-02T12:44:16Z,2026-08-02T12:44:16Z,agent-001,4,0,0,False,False
2026-08-02T12:44:16Z,2026-08-02T12:44:16Z,agent-002,5,1,0,False,False
2026-08-02T12:44:16Z,2026-08-02T12:44:16Z,agent-006,4,1,1,False,False
2026-08-02T12:44:16Z,2026-08-02T12:44:16Z,agent-014,3,2,0,False,False
2026-08-02T12:44:16Z,2026-08-02T12:44:16Z,agent-015,5,2,0,False,False
2026-08-02T12:44:16Z,2026-08-02T12:44:16Z,agent-016,4,3,2,True,False
2026-08-02T12:44:16Z,2026-08-02T12:44:16Z,agent-017,4,2,0,False,False
2026-08-02T12:44:16Z,2026-08-02T12:44:16Z,agent-018,4,1,0,False,False
2026-08-02T12:44:16Z,2026-08-02T12:44:16Z,agent-020,4,2,1,False,False
2026-08-02T12:44:16Z,2026-08-02T12:44:16Z,agent-021,6,3,1,True,False
2026-08-02T12:44:16Z,2026-08-02T12:44:16Z,agent-022,3,2,0,False,False
2026-08-02T12:44:16Z,2026-08-02T12:44:16Z,agent-023,5,3,1,True,False
2026-08-02T12:44:16Z,2026-08-02T12:44:16Z,agent-025,3,2,0,False,False
2026-08-02T12:44:16Z,2026-08-02T12:44:16Z,agent-026,6,2,0,False,False
2026-08-02T12:44:16Z,2026-08-02T12:44:16Z,agent-028,3,0,0,False,False
2026-08-02T12:44:16Z,2026-08-02T12:44:16Z,agent-029,5,3,1,True,False
