source_host,source_path,line,observation_type,proof_level,start,end_exclusive,batch_index,batch_count,max_concurrent,declared_or_derived_count,agent_number,detail
122174,swarm/devbox_launch_agents.py,,static_source_defaults,planned_only,,,,,4,,,"Static source defaults are a plan, not execution evidence."
122174,swarm/devbox_launch_wave2.py,,static_source_defaults,planned_only,101,1001,,,8,900,,"Static source defaults are a plan, not execution evidence."
122174,swarm/vitals/agent-047.log,198,command_text,planned_only,101,1001,0,5,8,180,,"Command text is a plan/request; it does not prove launch, run, or success."
122175,swarm/devbox_launch_agents.py,,static_source_defaults,planned_only,,,,,4,,,"Static source defaults are a plan, not execution evidence."
122175,swarm/devbox_launch_wave2.py,,static_source_defaults,planned_only,101,1001,,,8,900,,"Static source defaults are a plan, not execution evidence."
122447,swarm/devbox_launch_agents.py,,static_source_defaults,planned_only,,,,,4,,,"Static source defaults are a plan, not execution evidence."
122447,swarm/devbox_launch_wave2.py,,static_source_defaults,planned_only,101,1001,,,8,900,,"Static source defaults are a plan, not execution evidence."
122447,swarm/vitals/launcher_batch2.log,15,launcher_spawn_line,process_spawn_footprint,,,,,,1,39,Launcher-reported process spawn; not model-response or completion evidence.
122447,swarm/vitals/launcher_batch2.log,16,launcher_spawn_line,process_spawn_footprint,,,,,,1,44,Launcher-reported process spawn; not model-response or completion evidence.
122447,swarm/vitals/launcher_batch2.log,17,launcher_spawn_line,process_spawn_footprint,,,,,,1,49,Launcher-reported process spawn; not model-response or completion evidence.
122447,swarm/vitals/launcher_batch2.log,18,launcher_spawn_line,process_spawn_footprint,,,,,,1,54,Launcher-reported process spawn; not model-response or completion evidence.
122447,swarm/vitals/launcher_batch2.log,19,launcher_spawn_line,process_spawn_footprint,,,,,,1,59,Launcher-reported process spawn; not model-response or completion evidence.
122447,swarm/vitals/launcher_batch2.log,20,launcher_spawn_line,process_spawn_footprint,,,,,,1,64,Launcher-reported process spawn; not model-response or completion evidence.
122447,swarm/vitals/launcher_batch2.log,21,launcher_spawn_line,process_spawn_footprint,,,,,,1,69,Launcher-reported process spawn; not model-response or completion evidence.
122447,swarm/vitals/launcher_batch2.log,22,launcher_spawn_line,process_spawn_footprint,,,,,,1,74,Launcher-reported process spawn; not model-response or completion evidence.
122447,swarm/vitals/launcher_batch2.log,23,launcher_spawn_line,process_spawn_footprint,,,,,,1,79,Launcher-reported process spawn; not model-response or completion evidence.
122447,swarm/vitals/launcher_batch2.log,24,launcher_spawn_line,process_spawn_footprint,,,,,,1,84,Launcher-reported process spawn; not model-response or completion evidence.
122447,swarm/vitals/launcher_batch2.log,25,launcher_spawn_line,process_spawn_footprint,,,,,,1,89,Launcher-reported process spawn; not model-response or completion evidence.
122447,swarm/vitals/launcher_batch2.log,26,launcher_spawn_line,process_spawn_footprint,,,,,,1,94,Launcher-reported process spawn; not model-response or completion evidence.
122447,swarm/vitals/launcher_batch2.log,27,launcher_spawn_line,process_spawn_footprint,,,,,,1,99,Launcher-reported process spawn; not model-response or completion evidence.
122447,swarm/vitals/launcher_batch2.log,29,aggregate_launcher_claim,process_spawn_claim_only,,,,,,13,,Aggregate launcher text; not independently verified agent execution.
122447,swarm/vitals/wave2_batch2.log,10,launcher_spawn_line,process_spawn_footprint,,,,,,1,138,Launcher-reported process spawn; not model-response or completion evidence.
122447,swarm/vitals/wave2_batch2.log,100,launcher_spawn_line,process_spawn_footprint,,,,,,1,588,Launcher-reported process spawn; not model-response or completion evidence.
122447,swarm/vitals/wave2_batch2.log,101,launcher_spawn_line,process_spawn_footprint,,,,,,1,593,Launcher-reported process spawn; not model-response or completion evidence.
122447,swarm/vitals/wave2_batch2.log,102,launcher_spawn_line,process_spawn_footprint,,,,,,1,598,Launcher-reported process spawn; not model-response or completion evidence.
122447,swarm/vitals/wave2_batch2.log,103,launcher_spawn_line,process_spawn_footprint,,,,,,1,603,Launcher-reported process spawn; not model-response or completion evidence.
122447,swarm/vitals/wave2_batch2.log,104,launcher_spawn_line,process_spawn_footprint,,,,,,1,608,Launcher-reported process spawn; not model-response or completion evidence.
122447,swarm/vitals/wave2_batch2.log,105,launcher_spawn_line,process_spawn_footprint,,,,,,1,613,Launcher-reported process spawn; not model-response or completion evidence.
122447,swarm/vitals/wave2_batch2.log,106,launcher_spawn_line,process_spawn_footprint,,,,,,1,618,Launcher-reported process spawn; not model-response or completion evidence.
122447,swarm/vitals/wave2_batch2.log,107,launcher_spawn_line,process_spawn_footprint,,,,,,1,623,Launcher-reported process spawn; not model-response or completion evidence.
122447,swarm/vitals/wave2_batch2.log,108,launcher_spawn_line,process_spawn_footprint,,,,,,1,628,Launcher-reported process spawn; not model-response or completion evidence.
122447,swarm/vitals/wave2_batch2.log,109,launcher_spawn_line,process_spawn_footprint,,,,,,1,633,Launcher-reported process spawn; not model-response or completion evidence.
122447,swarm/vitals/wave2_batch2.log,11,launcher_spawn_line,process_spawn_footprint,,,,,,1,143,Launcher-reported process spawn; not model-response or completion evidence.
122447,swarm/vitals/wave2_batch2.log,110,launcher_spawn_line,process_spawn_footprint,,,,,,1,638,Launcher-reported process spawn; not model-response or completion evidence.
122447,swarm/vitals/wave2_batch2.log,111,launcher_spawn_line,process_spawn_footprint,,,,,,1,643,Launcher-reported process spawn; not model-response or completion evidence.
122447,swarm/vitals/wave2_batch2.log,112,launcher_spawn_line,process_spawn_footprint,,,,,,1,648,Launcher-reported process spawn; not model-response or completion evidence.
122447,swarm/vitals/wave2_batch2.log,113,launcher_spawn_line,process_spawn_footprint,,,,,,1,653,Launcher-reported process spawn; not model-response or completion evidence.
122447,swarm/vitals/wave2_batch2.log,114,launcher_spawn_line,process_spawn_footprint,,,,,,1,658,Launcher-reported process spawn; not model-response or completion evidence.
122447,swarm/vitals/wave2_batch2.log,115,launcher_spawn_line,process_spawn_footprint,,,,,,1,663,Launcher-reported process spawn; not model-response or completion evidence.
122447,swarm/vitals/wave2_batch2.log,116,launcher_spawn_line,process_spawn_footprint,,,,,,1,668,Launcher-reported process spawn; not model-response or completion evidence.
122447,swarm/vitals/wave2_batch2.log,117,launcher_spawn_line,process_spawn_footprint,,,,,,1,673,Launcher-reported process spawn; not model-response or completion evidence.
122447,swarm/vitals/wave2_batch2.log,118,launcher_spawn_line,process_spawn_footprint,,,,,,1,678,Launcher-reported process spawn; not model-response or completion evidence.
122447,swarm/vitals/wave2_batch2.log,119,launcher_spawn_line,process_spawn_footprint,,,,,,1,683,Launcher-reported process spawn; not model-response or completion evidence.
122447,swarm/vitals/wave2_batch2.log,12,launcher_spawn_line,process_spawn_footprint,,,,,,1,148,Launcher-reported process spawn; not model-response or completion evidence.
122447,swarm/vitals/wave2_batch2.log,120,launcher_spawn_line,process_spawn_footprint,,,,,,1,688,Launcher-reported process spawn; not model-response or completion evidence.
122447,swarm/vitals/wave2_batch2.log,121,launcher_spawn_line,process_spawn_footprint,,,,,,1,693,Launcher-reported process spawn; not model-response or completion evidence.
122447,swarm/vitals/wave2_batch2.log,122,launcher_spawn_line,process_spawn_footprint,,,,,,1,698,Launcher-reported process spawn; not model-response or completion evidence.
122447,swarm/vitals/wave2_batch2.log,123,launcher_spawn_line,process_spawn_footprint,,,,,,1,703,Launcher-reported process spawn; not model-response or completion evidence.
122447,swarm/vitals/wave2_batch2.log,124,launcher_spawn_line,process_spawn_footprint,,,,,,1,708,Launcher-reported process spawn; not model-response or completion evidence.
122447,swarm/vitals/wave2_batch2.log,125,launcher_spawn_line,process_spawn_footprint,,,,,,1,713,Launcher-reported process spawn; not model-response or completion evidence.
122447,swarm/vitals/wave2_batch2.log,126,launcher_spawn_line,process_spawn_footprint,,,,,,1,718,Launcher-reported process spawn; not model-response or completion evidence.
122447,swarm/vitals/wave2_batch2.log,127,launcher_spawn_line,process_spawn_footprint,,,,,,1,723,Launcher-reported process spawn; not model-response or completion evidence.
122447,swarm/vitals/wave2_batch2.log,128,launcher_spawn_line,process_spawn_footprint,,,,,,1,728,Launcher-reported process spawn; not model-response or completion evidence.
122447,swarm/vitals/wave2_batch2.log,129,launcher_spawn_line,process_spawn_footprint,,,,,,1,733,Launcher-reported process spawn; not model-response or completion evidence.
122447,swarm/vitals/wave2_batch2.log,13,launcher_spawn_line,process_spawn_footprint,,,,,,1,153,Launcher-reported process spawn; not model-response or completion evidence.
122447,swarm/vitals/wave2_batch2.log,130,launcher_spawn_line,process_spawn_footprint,,,,,,1,738,Launcher-reported process spawn; not model-response or completion evidence.
122447,swarm/vitals/wave2_batch2.log,131,launcher_spawn_line,process_spawn_footprint,,,,,,1,743,Launcher-reported process spawn; not model-response or completion evidence.
122447,swarm/vitals/wave2_batch2.log,132,launcher_spawn_line,process_spawn_footprint,,,,,,1,748,Launcher-reported process spawn; not model-response or completion evidence.
122447,swarm/vitals/wave2_batch2.log,133,launcher_spawn_line,process_spawn_footprint,,,,,,1,753,Launcher-reported process spawn; not model-response or completion evidence.
122447,swarm/vitals/wave2_batch2.log,134,launcher_spawn_line,process_spawn_footprint,,,,,,1,758,Launcher-reported process spawn; not model-response or completion evidence.
122447,swarm/vitals/wave2_batch2.log,135,launcher_spawn_line,process_spawn_footprint,,,,,,1,763,Launcher-reported process spawn; not model-response or completion evidence.
122447,swarm/vitals/wave2_batch2.log,136,launcher_spawn_line,process_spawn_footprint,,,,,,1,768,Launcher-reported process spawn; not model-response or completion evidence.
122447,swarm/vitals/wave2_batch2.log,137,launcher_spawn_line,process_spawn_footprint,,,,,,1,773,Launcher-reported process spawn; not model-response or completion evidence.
122447,swarm/vitals/wave2_batch2.log,138,launcher_spawn_line,process_spawn_footprint,,,,,,1,778,Launcher-reported process spawn; not model-response or completion evidence.
122447,swarm/vitals/wave2_batch2.log,139,launcher_spawn_line,process_spawn_footprint,,,,,,1,783,Launcher-reported process spawn; not model-response or completion evidence.
122447,swarm/vitals/wave2_batch2.log,14,launcher_spawn_line,process_spawn_footprint,,,,,,1,158,Launcher-reported process spawn; not model-response or completion evidence.
122447,swarm/vitals/wave2_batch2.log,140,launcher_spawn_line,process_spawn_footprint,,,,,,1,788,Launcher-reported process spawn; not model-response or completion evidence.
122447,swarm/vitals/wave2_batch2.log,141,launcher_spawn_line,process_spawn_footprint,,,,,,1,793,Launcher-reported process spawn; not model-response or completion evidence.
122447,swarm/vitals/wave2_batch2.log,142,launcher_spawn_line,process_spawn_footprint,,,,,,1,798,Launcher-reported process spawn; not model-response or completion evidence.
122447,swarm/vitals/wave2_batch2.log,143,launcher_spawn_line,process_spawn_footprint,,,,,,1,803,Launcher-reported process spawn; not model-response or completion evidence.
122447,swarm/vitals/wave2_batch2.log,144,launcher_spawn_line,process_spawn_footprint,,,,,,1,808,Launcher-reported process spawn; not model-response or completion evidence.
122447,swarm/vitals/wave2_batch2.log,145,launcher_spawn_line,process_spawn_footprint,,,,,,1,813,Launcher-reported process spawn; not model-response or completion evidence.
122447,swarm/vitals/wave2_batch2.log,146,launcher_spawn_line,process_spawn_footprint,,,,,,1,818,Launcher-reported process spawn; not model-response or completion evidence.
122447,swarm/vitals/wave2_batch2.log,147,launcher_spawn_line,process_spawn_footprint,,,,,,1,823,Launcher-reported process spawn; not model-response or completion evidence.
122447,swarm/vitals/wave2_batch2.log,148,launcher_spawn_line,process_spawn_footprint,,,,,,1,828,Launcher-reported process spawn; not model-response or completion evidence.
122447,swarm/vitals/wave2_batch2.log,149,launcher_spawn_line,process_spawn_footprint,,,,,,1,833,Launcher-reported process spawn; not model-response or completion evidence.
122447,swarm/vitals/wave2_batch2.log,15,launcher_spawn_line,process_spawn_footprint,,,,,,1,163,Launcher-reported process spawn; not model-response or completion evidence.
122447,swarm/vitals/wave2_batch2.log,150,launcher_spawn_line,process_spawn_footprint,,,,,,1,838,Launcher-reported process spawn; not model-response or completion evidence.
122447,swarm/vitals/wave2_batch2.log,151,launcher_spawn_line,process_spawn_footprint,,,,,,1,843,Launcher-reported process spawn; not model-response or completion evidence.
122447,swarm/vitals/wave2_batch2.log,152,launcher_spawn_line,process_spawn_footprint,,,,,,1,848,Launcher-reported process spawn; not model-response or completion evidence.
122447,swarm/vitals/wave2_batch2.log,153,launcher_spawn_line,process_spawn_footprint,,,,,,1,853,Launcher-reported process spawn; not model-response or completion evidence.
122447,swarm/vitals/wave2_batch2.log,154,launcher_spawn_line,process_spawn_footprint,,,,,,1,858,Launcher-reported process spawn; not model-response or completion evidence.
122447,swarm/vitals/wave2_batch2.log,155,launcher_spawn_line,process_spawn_footprint,,,,,,1,863,Launcher-reported process spawn; not model-response or completion evidence.
122447,swarm/vitals/wave2_batch2.log,156,launcher_spawn_line,process_spawn_footprint,,,,,,1,868,Launcher-reported process spawn; not model-response or completion evidence.
122447,swarm/vitals/wave2_batch2.log,157,launcher_spawn_line,process_spawn_footprint,,,,,,1,873,Launcher-reported process spawn; not model-response or completion evidence.
122447,swarm/vitals/wave2_batch2.log,158,launcher_spawn_line,process_spawn_footprint,,,,,,1,878,Launcher-reported process spawn; not model-response or completion evidence.
122447,swarm/vitals/wave2_batch2.log,159,launcher_spawn_line,process_spawn_footprint,,,,,,1,883,Launcher-reported process spawn; not model-response or completion evidence.
122447,swarm/vitals/wave2_batch2.log,16,launcher_spawn_line,process_spawn_footprint,,,,,,1,168,Launcher-reported process spawn; not model-response or completion evidence.
122447,swarm/vitals/wave2_batch2.log,160,launcher_spawn_line,process_spawn_footprint,,,,,,1,888,Launcher-reported process spawn; not model-response or completion evidence.
122447,swarm/vitals/wave2_batch2.log,161,launcher_spawn_line,process_spawn_footprint,,,,,,1,893,Launcher-reported process spawn; not model-response or completion evidence.
122447,swarm/vitals/wave2_batch2.log,162,launcher_spawn_line,process_spawn_footprint,,,,,,1,898,Launcher-reported process spawn; not model-response or completion evidence.
122447,swarm/vitals/wave2_batch2.log,163,launcher_spawn_line,process_spawn_footprint,,,,,,1,903,Launcher-reported process spawn; not model-response or completion evidence.
122447,swarm/vitals/wave2_batch2.log,164,launcher_spawn_line,process_spawn_footprint,,,,,,1,908,Launcher-reported process spawn; not model-response or completion evidence.
122447,swarm/vitals/wave2_batch2.log,165,launcher_spawn_line,process_spawn_footprint,,,,,,1,913,Launcher-reported process spawn; not model-response or completion evidence.
122447,swarm/vitals/wave2_batch2.log,166,launcher_spawn_line,process_spawn_footprint,,,,,,1,918,Launcher-reported process spawn; not model-response or completion evidence.
122447,swarm/vitals/wave2_batch2.log,167,launcher_spawn_line,process_spawn_footprint,,,,,,1,923,Launcher-reported process spawn; not model-response or completion evidence.
122447,swarm/vitals/wave2_batch2.log,168,launcher_spawn_line,process_spawn_footprint,,,,,,1,928,Launcher-reported process spawn; not model-response or completion evidence.
122447,swarm/vitals/wave2_batch2.log,169,launcher_spawn_line,process_spawn_footprint,,,,,,1,933,Launcher-reported process spawn; not model-response or completion evidence.
122447,swarm/vitals/wave2_batch2.log,17,launcher_spawn_line,process_spawn_footprint,,,,,,1,173,Launcher-reported process spawn; not model-response or completion evidence.
122447,swarm/vitals/wave2_batch2.log,170,launcher_spawn_line,process_spawn_footprint,,,,,,1,938,Launcher-reported process spawn; not model-response or completion evidence.
122447,swarm/vitals/wave2_batch2.log,171,launcher_spawn_line,process_spawn_footprint,,,,,,1,943,Launcher-reported process spawn; not model-response or completion evidence.
122447,swarm/vitals/wave2_batch2.log,172,launcher_spawn_line,process_spawn_footprint,,,,,,1,948,Launcher-reported process spawn; not model-response or completion evidence.
122447,swarm/vitals/wave2_batch2.log,173,launcher_spawn_line,process_spawn_footprint,,,,,,1,953,Launcher-reported process spawn; not model-response or completion evidence.
122447,swarm/vitals/wave2_batch2.log,174,launcher_spawn_line,process_spawn_footprint,,,,,,1,958,Launcher-reported process spawn; not model-response or completion evidence.
122447,swarm/vitals/wave2_batch2.log,175,launcher_spawn_line,process_spawn_footprint,,,,,,1,963,Launcher-reported process spawn; not model-response or completion evidence.
122447,swarm/vitals/wave2_batch2.log,176,launcher_spawn_line,process_spawn_footprint,,,,,,1,968,Launcher-reported process spawn; not model-response or completion evidence.
122447,swarm/vitals/wave2_batch2.log,177,launcher_spawn_line,process_spawn_footprint,,,,,,1,973,Launcher-reported process spawn; not model-response or completion evidence.
122447,swarm/vitals/wave2_batch2.log,178,launcher_spawn_line,process_spawn_footprint,,,,,,1,978,Launcher-reported process spawn; not model-response or completion evidence.
122447,swarm/vitals/wave2_batch2.log,179,launcher_spawn_line,process_spawn_footprint,,,,,,1,983,Launcher-reported process spawn; not model-response or completion evidence.
122447,swarm/vitals/wave2_batch2.log,18,launcher_spawn_line,process_spawn_footprint,,,,,,1,178,Launcher-reported process spawn; not model-response or completion evidence.
122447,swarm/vitals/wave2_batch2.log,180,launcher_spawn_line,process_spawn_footprint,,,,,,1,988,Launcher-reported process spawn; not model-response or completion evidence.
122447,swarm/vitals/wave2_batch2.log,181,launcher_spawn_line,process_spawn_footprint,,,,,,1,993,Launcher-reported process spawn; not model-response or completion evidence.
122447,swarm/vitals/wave2_batch2.log,182,launcher_spawn_line,process_spawn_footprint,,,,,,1,998,Launcher-reported process spawn; not model-response or completion evidence.
122447,swarm/vitals/wave2_batch2.log,184,aggregate_launcher_claim,process_spawn_claim_only,,,,,,180,,Aggregate launcher text; not independently verified agent execution.
122447,swarm/vitals/wave2_batch2.log,19,launcher_spawn_line,process_spawn_footprint,,,,,,1,183,Launcher-reported process spawn; not model-response or completion evidence.
122447,swarm/vitals/wave2_batch2.log,20,launcher_spawn_line,process_spawn_footprint,,,,,,1,188,Launcher-reported process spawn; not model-response or completion evidence.
122447,swarm/vitals/wave2_batch2.log,21,launcher_spawn_line,process_spawn_footprint,,,,,,1,193,Launcher-reported process spawn; not model-response or completion evidence.
122447,swarm/vitals/wave2_batch2.log,22,launcher_spawn_line,process_spawn_footprint,,,,,,1,198,Launcher-reported process spawn; not model-response or completion evidence.
122447,swarm/vitals/wave2_batch2.log,23,launcher_spawn_line,process_spawn_footprint,,,,,,1,203,Launcher-reported process spawn; not model-response or completion evidence.
122447,swarm/vitals/wave2_batch2.log,24,launcher_spawn_line,process_spawn_footprint,,,,,,1,208,Launcher-reported process spawn; not model-response or completion evidence.
122447,swarm/vitals/wave2_batch2.log,25,launcher_spawn_line,process_spawn_footprint,,,,,,1,213,Launcher-reported process spawn; not model-response or completion evidence.
122447,swarm/vitals/wave2_batch2.log,26,launcher_spawn_line,process_spawn_footprint,,,,,,1,218,Launcher-reported process spawn; not model-response or completion evidence.
122447,swarm/vitals/wave2_batch2.log,27,launcher_spawn_line,process_spawn_footprint,,,,,,1,223,Launcher-reported process spawn; not model-response or completion evidence.
122447,swarm/vitals/wave2_batch2.log,28,launcher_spawn_line,process_spawn_footprint,,,,,,1,228,Launcher-reported process spawn; not model-response or completion evidence.
122447,swarm/vitals/wave2_batch2.log,29,launcher_spawn_line,process_spawn_footprint,,,,,,1,233,Launcher-reported process spawn; not model-response or completion evidence.
122447,swarm/vitals/wave2_batch2.log,3,launcher_spawn_line,process_spawn_footprint,,,,,,1,103,Launcher-reported process spawn; not model-response or completion evidence.
122447,swarm/vitals/wave2_batch2.log,30,launcher_spawn_line,process_spawn_footprint,,,,,,1,238,Launcher-reported process spawn; not model-response or completion evidence.
122447,swarm/vitals/wave2_batch2.log,31,launcher_spawn_line,process_spawn_footprint,,,,,,1,243,Launcher-reported process spawn; not model-response or completion evidence.
122447,swarm/vitals/wave2_batch2.log,32,launcher_spawn_line,process_spawn_footprint,,,,,,1,248,Launcher-reported process spawn; not model-response or completion evidence.
122447,swarm/vitals/wave2_batch2.log,33,launcher_spawn_line,process_spawn_footprint,,,,,,1,253,Launcher-reported process spawn; not model-response or completion evidence.
122447,swarm/vitals/wave2_batch2.log,34,launcher_spawn_line,process_spawn_footprint,,,,,,1,258,Launcher-reported process spawn; not model-response or completion evidence.
122447,swarm/vitals/wave2_batch2.log,35,launcher_spawn_line,process_spawn_footprint,,,,,,1,263,Launcher-reported process spawn; not model-response or completion evidence.
122447,swarm/vitals/wave2_batch2.log,36,launcher_spawn_line,process_spawn_footprint,,,,,,1,268,Launcher-reported process spawn; not model-response or completion evidence.
122447,swarm/vitals/wave2_batch2.log,37,launcher_spawn_line,process_spawn_footprint,,,,,,1,273,Launcher-reported process spawn; not model-response or completion evidence.
122447,swarm/vitals/wave2_batch2.log,38,launcher_spawn_line,process_spawn_footprint,,,,,,1,278,Launcher-reported process spawn; not model-response or completion evidence.
122447,swarm/vitals/wave2_batch2.log,39,launcher_spawn_line,process_spawn_footprint,,,,,,1,283,Launcher-reported process spawn; not model-response or completion evidence.
122447,swarm/vitals/wave2_batch2.log,4,launcher_spawn_line,process_spawn_footprint,,,,,,1,108,Launcher-reported process spawn; not model-response or completion evidence.
122447,swarm/vitals/wave2_batch2.log,40,launcher_spawn_line,process_spawn_footprint,,,,,,1,288,Launcher-reported process spawn; not model-response or completion evidence.
122447,swarm/vitals/wave2_batch2.log,41,launcher_spawn_line,process_spawn_footprint,,,,,,1,293,Launcher-reported process spawn; not model-response or completion evidence.
122447,swarm/vitals/wave2_batch2.log,42,launcher_spawn_line,process_spawn_footprint,,,,,,1,298,Launcher-reported process spawn; not model-response or completion evidence.
122447,swarm/vitals/wave2_batch2.log,43,launcher_spawn_line,process_spawn_footprint,,,,,,1,303,Launcher-reported process spawn; not model-response or completion evidence.
122447,swarm/vitals/wave2_batch2.log,44,launcher_spawn_line,process_spawn_footprint,,,,,,1,308,Launcher-reported process spawn; not model-response or completion evidence.
122447,swarm/vitals/wave2_batch2.log,45,launcher_spawn_line,process_spawn_footprint,,,,,,1,313,Launcher-reported process spawn; not model-response or completion evidence.
122447,swarm/vitals/wave2_batch2.log,46,launcher_spawn_line,process_spawn_footprint,,,,,,1,318,Launcher-reported process spawn; not model-response or completion evidence.
122447,swarm/vitals/wave2_batch2.log,47,launcher_spawn_line,process_spawn_footprint,,,,,,1,323,Launcher-reported process spawn; not model-response or completion evidence.
122447,swarm/vitals/wave2_batch2.log,48,launcher_spawn_line,process_spawn_footprint,,,,,,1,328,Launcher-reported process spawn; not model-response or completion evidence.
122447,swarm/vitals/wave2_batch2.log,49,launcher_spawn_line,process_spawn_footprint,,,,,,1,333,Launcher-reported process spawn; not model-response or completion evidence.
122447,swarm/vitals/wave2_batch2.log,5,launcher_spawn_line,process_spawn_footprint,,,,,,1,113,Launcher-reported process spawn; not model-response or completion evidence.
122447,swarm/vitals/wave2_batch2.log,50,launcher_spawn_line,process_spawn_footprint,,,,,,1,338,Launcher-reported process spawn; not model-response or completion evidence.
122447,swarm/vitals/wave2_batch2.log,51,launcher_spawn_line,process_spawn_footprint,,,,,,1,343,Launcher-reported process spawn; not model-response or completion evidence.
122447,swarm/vitals/wave2_batch2.log,52,launcher_spawn_line,process_spawn_footprint,,,,,,1,348,Launcher-reported process spawn; not model-response or completion evidence.
122447,swarm/vitals/wave2_batch2.log,53,launcher_spawn_line,process_spawn_footprint,,,,,,1,353,Launcher-reported process spawn; not model-response or completion evidence.
122447,swarm/vitals/wave2_batch2.log,54,launcher_spawn_line,process_spawn_footprint,,,,,,1,358,Launcher-reported process spawn; not model-response or completion evidence.
122447,swarm/vitals/wave2_batch2.log,55,launcher_spawn_line,process_spawn_footprint,,,,,,1,363,Launcher-reported process spawn; not model-response or completion evidence.
122447,swarm/vitals/wave2_batch2.log,56,launcher_spawn_line,process_spawn_footprint,,,,,,1,368,Launcher-reported process spawn; not model-response or completion evidence.
122447,swarm/vitals/wave2_batch2.log,57,launcher_spawn_line,process_spawn_footprint,,,,,,1,373,Launcher-reported process spawn; not model-response or completion evidence.
122447,swarm/vitals/wave2_batch2.log,58,launcher_spawn_line,process_spawn_footprint,,,,,,1,378,Launcher-reported process spawn; not model-response or completion evidence.
122447,swarm/vitals/wave2_batch2.log,59,launcher_spawn_line,process_spawn_footprint,,,,,,1,383,Launcher-reported process spawn; not model-response or completion evidence.
122447,swarm/vitals/wave2_batch2.log,6,launcher_spawn_line,process_spawn_footprint,,,,,,1,118,Launcher-reported process spawn; not model-response or completion evidence.
122447,swarm/vitals/wave2_batch2.log,60,launcher_spawn_line,process_spawn_footprint,,,,,,1,388,Launcher-reported process spawn; not model-response or completion evidence.
122447,swarm/vitals/wave2_batch2.log,61,launcher_spawn_line,process_spawn_footprint,,,,,,1,393,Launcher-reported process spawn; not model-response or completion evidence.
122447,swarm/vitals/wave2_batch2.log,62,launcher_spawn_line,process_spawn_footprint,,,,,,1,398,Launcher-reported process spawn; not model-response or completion evidence.
122447,swarm/vitals/wave2_batch2.log,63,launcher_spawn_line,process_spawn_footprint,,,,,,1,403,Launcher-reported process spawn; not model-response or completion evidence.
122447,swarm/vitals/wave2_batch2.log,64,launcher_spawn_line,process_spawn_footprint,,,,,,1,408,Launcher-reported process spawn; not model-response or completion evidence.
122447,swarm/vitals/wave2_batch2.log,65,launcher_spawn_line,process_spawn_footprint,,,,,,1,413,Launcher-reported process spawn; not model-response or completion evidence.
122447,swarm/vitals/wave2_batch2.log,66,launcher_spawn_line,process_spawn_footprint,,,,,,1,418,Launcher-reported process spawn; not model-response or completion evidence.
122447,swarm/vitals/wave2_batch2.log,67,launcher_spawn_line,process_spawn_footprint,,,,,,1,423,Launcher-reported process spawn; not model-response or completion evidence.
122447,swarm/vitals/wave2_batch2.log,68,launcher_spawn_line,process_spawn_footprint,,,,,,1,428,Launcher-reported process spawn; not model-response or completion evidence.
122447,swarm/vitals/wave2_batch2.log,69,launcher_spawn_line,process_spawn_footprint,,,,,,1,433,Launcher-reported process spawn; not model-response or completion evidence.
122447,swarm/vitals/wave2_batch2.log,7,launcher_spawn_line,process_spawn_footprint,,,,,,1,123,Launcher-reported process spawn; not model-response or completion evidence.
122447,swarm/vitals/wave2_batch2.log,70,launcher_spawn_line,process_spawn_footprint,,,,,,1,438,Launcher-reported process spawn; not model-response or completion evidence.
122447,swarm/vitals/wave2_batch2.log,71,launcher_spawn_line,process_spawn_footprint,,,,,,1,443,Launcher-reported process spawn; not model-response or completion evidence.
122447,swarm/vitals/wave2_batch2.log,72,launcher_spawn_line,process_spawn_footprint,,,,,,1,448,Launcher-reported process spawn; not model-response or completion evidence.
122447,swarm/vitals/wave2_batch2.log,73,launcher_spawn_line,process_spawn_footprint,,,,,,1,453,Launcher-reported process spawn; not model-response or completion evidence.
122447,swarm/vitals/wave2_batch2.log,74,launcher_spawn_line,process_spawn_footprint,,,,,,1,458,Launcher-reported process spawn; not model-response or completion evidence.
122447,swarm/vitals/wave2_batch2.log,75,launcher_spawn_line,process_spawn_footprint,,,,,,1,463,Launcher-reported process spawn; not model-response or completion evidence.
122447,swarm/vitals/wave2_batch2.log,76,launcher_spawn_line,process_spawn_footprint,,,,,,1,468,Launcher-reported process spawn; not model-response or completion evidence.
122447,swarm/vitals/wave2_batch2.log,77,launcher_spawn_line,process_spawn_footprint,,,,,,1,473,Launcher-reported process spawn; not model-response or completion evidence.
122447,swarm/vitals/wave2_batch2.log,78,launcher_spawn_line,process_spawn_footprint,,,,,,1,478,Launcher-reported process spawn; not model-response or completion evidence.
122447,swarm/vitals/wave2_batch2.log,79,launcher_spawn_line,process_spawn_footprint,,,,,,1,483,Launcher-reported process spawn; not model-response or completion evidence.
122447,swarm/vitals/wave2_batch2.log,8,launcher_spawn_line,process_spawn_footprint,,,,,,1,128,Launcher-reported process spawn; not model-response or completion evidence.
122447,swarm/vitals/wave2_batch2.log,80,launcher_spawn_line,process_spawn_footprint,,,,,,1,488,Launcher-reported process spawn; not model-response or completion evidence.
122447,swarm/vitals/wave2_batch2.log,81,launcher_spawn_line,process_spawn_footprint,,,,,,1,493,Launcher-reported process spawn; not model-response or completion evidence.
122447,swarm/vitals/wave2_batch2.log,82,launcher_spawn_line,process_spawn_footprint,,,,,,1,498,Launcher-reported process spawn; not model-response or completion evidence.
122447,swarm/vitals/wave2_batch2.log,83,launcher_spawn_line,process_spawn_footprint,,,,,,1,503,Launcher-reported process spawn; not model-response or completion evidence.
122447,swarm/vitals/wave2_batch2.log,84,launcher_spawn_line,process_spawn_footprint,,,,,,1,508,Launcher-reported process spawn; not model-response or completion evidence.
122447,swarm/vitals/wave2_batch2.log,85,launcher_spawn_line,process_spawn_footprint,,,,,,1,513,Launcher-reported process spawn; not model-response or completion evidence.
122447,swarm/vitals/wave2_batch2.log,86,launcher_spawn_line,process_spawn_footprint,,,,,,1,518,Launcher-reported process spawn; not model-response or completion evidence.
122447,swarm/vitals/wave2_batch2.log,87,launcher_spawn_line,process_spawn_footprint,,,,,,1,523,Launcher-reported process spawn; not model-response or completion evidence.
122447,swarm/vitals/wave2_batch2.log,88,launcher_spawn_line,process_spawn_footprint,,,,,,1,528,Launcher-reported process spawn; not model-response or completion evidence.
122447,swarm/vitals/wave2_batch2.log,89,launcher_spawn_line,process_spawn_footprint,,,,,,1,533,Launcher-reported process spawn; not model-response or completion evidence.
122447,swarm/vitals/wave2_batch2.log,9,launcher_spawn_line,process_spawn_footprint,,,,,,1,133,Launcher-reported process spawn; not model-response or completion evidence.
122447,swarm/vitals/wave2_batch2.log,90,launcher_spawn_line,process_spawn_footprint,,,,,,1,538,Launcher-reported process spawn; not model-response or completion evidence.
122447,swarm/vitals/wave2_batch2.log,91,launcher_spawn_line,process_spawn_footprint,,,,,,1,543,Launcher-reported process spawn; not model-response or completion evidence.
122447,swarm/vitals/wave2_batch2.log,92,launcher_spawn_line,process_spawn_footprint,,,,,,1,548,Launcher-reported process spawn; not model-response or completion evidence.
122447,swarm/vitals/wave2_batch2.log,93,launcher_spawn_line,process_spawn_footprint,,,,,,1,553,Launcher-reported process spawn; not model-response or completion evidence.
122447,swarm/vitals/wave2_batch2.log,94,launcher_spawn_line,process_spawn_footprint,,,,,,1,558,Launcher-reported process spawn; not model-response or completion evidence.
122447,swarm/vitals/wave2_batch2.log,95,launcher_spawn_line,process_spawn_footprint,,,,,,1,563,Launcher-reported process spawn; not model-response or completion evidence.
122447,swarm/vitals/wave2_batch2.log,96,launcher_spawn_line,process_spawn_footprint,,,,,,1,568,Launcher-reported process spawn; not model-response or completion evidence.
122447,swarm/vitals/wave2_batch2.log,97,launcher_spawn_line,process_spawn_footprint,,,,,,1,573,Launcher-reported process spawn; not model-response or completion evidence.
122447,swarm/vitals/wave2_batch2.log,98,launcher_spawn_line,process_spawn_footprint,,,,,,1,578,Launcher-reported process spawn; not model-response or completion evidence.
122447,swarm/vitals/wave2_batch2.log,99,launcher_spawn_line,process_spawn_footprint,,,,,,1,583,Launcher-reported process spawn; not model-response or completion evidence.
122448,swarm/devbox_launch_agents.py,,static_source_defaults,planned_only,,,,,4,,,"Static source defaults are a plan, not execution evidence."
122448,swarm/devbox_launch_wave2.py,,static_source_defaults,planned_only,101,1001,,,8,900,,"Static source defaults are a plan, not execution evidence."
122456,swarm/devbox_launch_agents.py,,static_source_defaults,planned_only,,,,,4,,,"Static source defaults are a plan, not execution evidence."
122456,swarm/devbox_launch_wave2.py,,static_source_defaults,planned_only,101,1001,,,8,900,,"Static source defaults are a plan, not execution evidence."
