source_host,component,basename,path,sha256,size_bytes,mtime_utc
122174,launcher,devbox_launch_agents.py,swarm/devbox_launch_agents.py,ef7912504ad85e83691138a420a1e5f936d5d5854f6e56c5a25331a81a1b8fa0,9682,2026-08-02T11:16:11Z
122174,launcher,devbox_launch_wave2.py,swarm/devbox_launch_wave2.py,6941281c4a990ad6cc017253a680eed1d87f34c84d97c8d99f9d619a6312b97a,8911,2026-08-02T11:48:21Z
122174,runner,devbox_runner.py,swarm/devbox_runner.py,20568d60d388b5854aaf4eb398145d8cb78be4425e3c4d9d4ff54ccf24617003,32650,2026-08-02T11:51:59Z
122175,launcher,devbox_launch_agents.py,swarm/devbox_launch_agents.py,ef7912504ad85e83691138a420a1e5f936d5d5854f6e56c5a25331a81a1b8fa0,9682,2026-08-02T11:32:08Z
122175,launcher,devbox_launch_wave2.py,swarm/devbox_launch_wave2.py,6941281c4a990ad6cc017253a680eed1d87f34c84d97c8d99f9d619a6312b97a,8911,2026-08-02T11:48:27Z
122175,runner,devbox_runner.py,swarm/devbox_runner.py,20568d60d388b5854aaf4eb398145d8cb78be4425e3c4d9d4ff54ccf24617003,32650,2026-08-02T11:51:57Z
122447,launcher,devbox_launch_agents.py,swarm/devbox_launch_agents.py,ef7912504ad85e83691138a420a1e5f936d5d5854f6e56c5a25331a81a1b8fa0,9682,2026-08-02T11:32:12Z
122447,launcher,devbox_launch_wave2.py,swarm/devbox_launch_wave2.py,6941281c4a990ad6cc017253a680eed1d87f34c84d97c8d99f9d619a6312b97a,8911,2026-08-02T11:48:31Z
122447,runner,devbox_runner.py,swarm/devbox_runner.py,20568d60d388b5854aaf4eb398145d8cb78be4425e3c4d9d4ff54ccf24617003,32650,2026-08-02T11:51:58Z
122448,launcher,devbox_launch_agents.py,swarm/devbox_launch_agents.py,ef7912504ad85e83691138a420a1e5f936d5d5854f6e56c5a25331a81a1b8fa0,9682,2026-08-02T11:32:15Z
122448,launcher,devbox_launch_wave2.py,swarm/devbox_launch_wave2.py,6941281c4a990ad6cc017253a680eed1d87f34c84d97c8d99f9d619a6312b97a,8911,2026-08-02T11:48:38Z
122448,runner,devbox_runner.py,swarm/devbox_runner.py,20568d60d388b5854aaf4eb398145d8cb78be4425e3c4d9d4ff54ccf24617003,32650,2026-08-02T11:51:57Z
122456,launcher,devbox_launch_agents.py,swarm/devbox_launch_agents.py,ef7912504ad85e83691138a420a1e5f936d5d5854f6e56c5a25331a81a1b8fa0,9682,2026-08-02T11:32:21Z
122456,launcher,devbox_launch_wave2.py,swarm/devbox_launch_wave2.py,6941281c4a990ad6cc017253a680eed1d87f34c84d97c8d99f9d619a6312b97a,8911,2026-08-02T11:48:43Z
122456,runner,devbox_runner.py,swarm/devbox_runner.py,20568d60d388b5854aaf4eb398145d8cb78be4425e3c4d9d4ff54ccf24617003,32650,2026-08-02T11:51:58Z
